,W
0,70.0
1,86.0
2,70.0
3,82.0
4,75.0
5,80.0
6,84.0
7,67.0
8,71.0
9,86.0
10,76.0
11,75.0
12,79.0
13,68.0
14,72.0
15,76.0
16,74.0
17,87.0
18,88.0
19,65.0
20,93.0
21,70.0
22,81.0
23,90.0
24,92.0
25,75.0
26,75.0
27,91.0
28,80.0
29,81.0
30,72.0
31,71.0
32,70.0
33,84.0
34,85.0
35,70.0
36,82.0
37,75.0
38,99.0
39,77.0
40,92.0
41,95.0
42,89.0
43,94.0
44,100.0
45,97.0
46,80.0
47,86.0
48,89.0
49,78.0
50,98.0
51,85.0
52,74.0
53,65.0
54,100.0
55,85.0
56,92.0
57,98.0
58,84.0
59,51.0
60,77.0
61,76.0
62,90.0
63,82.0
64,70.0
65,65.0
66,94.0
67,81.0
68,81.0
69,64.0
70,79.0
71,69.0
75,55.0
76,51.0
77,49.0
78,58.0
79,63.0
80,45.0
81,53.0
82,44.0
83,52.0
84,69.0
85,94.0
86,83.0
87,89.0
88,72.0
89,62.0
90,79.0
91,53.0
92,54.0
93,53.0
94,70.0
95,66.0
96,60.0
97,50.0
98,56.0
99,70.0
100,64.0
101,77.0
102,83.0
103,78.0
104,38.0
105,71.0
106,79.0
107,77.0
108,63.0
109,65.0
110,62.0
111,59.0
112,68.0
113,65.0
114,67.0
115,81.0
116,86.0
117,91.0
118,75.0
119,83.0
120,76.0
121,64.0
122,92.0
123,89.0
124,85.0
125,92.0
126,95.0
127,92.0
128,86.0
129,88.0
130,83.0
131,86.0
132,84.0
133,88.0
134,86.0
135,85.0
136,77.0
137,81.0
138,93.0
139,76.0
140,82.0
141,70.0
142,76.0
143,88.0
144,67.0
145,70.0
146,61.0
147,69.0
148,66.0
149,81.0
150,89.0
151,88.0
152,80.0
153,66.0
154,72.0
155,69.0
156,54.0
157,63.0
158,65.0
159,94.0
160,98.0
161,104.0
162,96.0
163,101.0
164,106.0
165,103.0
166,95.0
167,88.0
168,101.0
169,101.0
170,96.0
171,90.0
172,79.0
173,84.0
174,72.0
175,86.0
176,91.0
177,89.0
178,94.0
179,96.0
180,79.0
181,67.0
182,68.0
183,65.0
184,54.0
185,76.0
186,69.0
187,83.0
188,61.0
189,47.0
190,45.0
191,53.0
192,57.0
193,71.0
194,63.0
195,79.0
196,57.0
197,76.0
198,81.0
199,93.0
200,74.0
201,74.0
202,82.0
203,62.0
204,59.0
205,82.0
206,79.0
207,64.0
208,63.0
209,63.0
210,55.0
211,67.0
212,65.0
213,57.0
214,46.0
215,55.0
216,43.0
217,67.0
218,70.0
219,82.0
220,72.0
221,89.0
222,81.0
223,66.0
224,59.0
225,59.0
226,53.0
227,58.0
228,52.0
229,64.0
230,54.0
231,54.0
232,57.0
233,69.0
234,76.0
235,74.0
236,74.0
237,89.0
238,95.0
239,77.0
240,86.0
241,97.0
242,94.0
243,97.0
244,76.0
245,91.0
246,109.0
247,108.0
248,101.0
249,80.0
250,97.0
251,91.0
252,90.0
253,88.0
254,97.0
255,90.0
256,102.0
257,100.0
258,94.0
259,98.0
260,85.0
261,83.0
262,73.0
263,67.0
264,54.0
265,87.0
266,76.0
267,67.0
268,89.0
269,85.0
270,88.0
271,98.0
272,79.0
273,78.0
274,74.0
275,63.0
276,67.0
277,71.0
278,78.0
279,74.0
280,70.0
281,69.0
282,68.0
283,64.0
284,66.0
285,69.0
286,93.0
287,85.0
288,96.0
289,81.0
290,89.0
291,95.0
292,78.0
293,49.0
294,59.0
295,75.0
296,88.0
297,81.0
298,78.0
299,105.0
300,79.0
301,91.0
302,101.0
303,91.0
304,90.0
305,72.0
306,75.0
307,61.0
308,61.0
309,67.0
310,47.0
311,46.0
312,51.0
313,57.0
314,58.0
315,52.0
316,62.0
317,43.0
318,76.0
319,78.0
320,74.0
321,80.0
322,88.0
323,89.0
324,82.0
325,84.0
326,93.0
327,68.0
328,77.0
329,71.0
330,104.0
331,83.0
332,96.0
333,96.0
334,94.0
335,87.0
336,76.0
337,84.0
338,69.0
339,84.0
340,84.0
341,82.0
342,79.0
343,75.0
344,65.0
345,76.0
346,76.0
347,76.0
348,72.0
349,62.0
350,72.0
351,92.0
352,86.0
353,87.0
354,87.0
355,85.0
356,85.0
357,89.0
358,84.0
359,95.0
360,83.0
361,97.0
362,99.0
363,91.0
364,83.0
365,89.0
366,78.0
367,86.0
368,81.0
369,95.0
370,78.0
371,89.0
372,83.0
373,88.0
374,84.0
375,73.0
376,80.0
377,85.0
378,78.0
379,92.0
380,94.0
381,85.0
382,82.0
383,93.0
384,95.0
385,98.0
386,95.0
387,86.0
388,96.0
389,95.0
390,95.0
391,89.0
392,90.0
393,69.0
394,97.0
395,71.0
396,78.0
397,93.0
400,93.0
401,92.0
402,116.0
403,107.0
404,99.0
405,104.0
406,104.0
407,92.0
408,91.0
409,88.0
410,78.0
411,73.0
412,67.0
413,74.0
414,75.0
415,64.0
416,80.0
417,83.0
418,81.0
419,68.0
420,82.0
421,85.0
422,91.0
423,98.0
424,90.0
425,84.0
426,90.0
427,86.0
428,86.0
429,100.0
430,87.0
431,93.0
432,89.0
433,84.0
434,75.0
435,70.0
436,68.0
437,74.0
438,75.0
439,98.0
440,82.0
441,69.0
442,64.0
443,61.0
444,64.0
445,62.0
446,77.0
447,65.0
448,64.0
449,72.0
450,60.0
451,62.0
452,72.0
453,74.0
454,60.0
455,64.0
456,59.0
457,82.0
458,76.0
459,72.0
460,59.0
461,87.0
462,84.0
463,92.0
464,84.0
465,83.0
466,85.0
467,77.0
468,66.0
469,75.0
470,75.0
471,81.0
472,79.0
473,80.0
474,64.0
475,73.0
476,71.0
477,96.0
478,77.0
479,70.0
480,76.0
481,77.0
482,93.0
483,77.0
484,77.0
485,78.0
486,84.0
487,76.0
488,68.0
489,90.0
490,67.0
491,65.0
492,88.0
493,67.0
494,88.0
495,89.0
496,79.0
497,66.0
498,85.0
499,97.0
500,83.0
501,75.0
502,71.0
503,61.0
504,66.0
505,73.0
506,97.0
507,103.0
508,89.0
509,92.0
510,93.0
511,87.0
512,88.0
513,78.0
514,68.0
515,77.0
516,78.0
517,78.0
518,70.0
519,93.0
520,89.0
521,100.0
522,96.0
523,62.0
524,77.0
525,69.0
526,66.0
527,79.0
528,81.0
529,70.0
530,72.0
531,59.0
532,62.0
533,56.0
534,49.0
535,67.0
536,53.0
537,74.0
538,81.0
539,86.0
540,85.0
541,82.0
542,77.0
543,82.0
544,71.0
545,71.0
546,74.0
547,70.0
548,51.0
549,63.0
550,60.0
551,81.0
552,81.0
553,89.0
554,94.0
555,91.0
556,85.0
557,90.0
558,82.0
559,94.0
560,87.0
561,86.0
562,85.0
563,94.0
564,98.0
565,95.0
566,83.0
567,89.0
568,67.0
569,68.0
570,56.0
571,79.0
572,87.0
573,77.0
574,80.0
575,75.0
576,64.0
577,90.0
578,71.0
579,73.0
580,70.0
581,87.0
582,99.0
583,74.0
584,85.0
585,72.0
586,77.0
587,71.0
588,69.0
589,94.0
590,87.0
591,86.0
592,94.0
593,85.0
594,80.0
595,80.0
596,75.0
597,95.0
598,83.0
599,81.0
600,86.0
601,83.0
602,99.0
603,90.0
604,72.0
605,89.0
606,79.0
607,88.0
608,79.0
609,85.0
610,63.0
611,73.0
612,76.0
613,78.0
617,88.0
618,79.0
619,64.0
620,66.0
621,73.0
622,77.0
623,75.0
624,70.0
625,75.0
626,64.0
627,60.0
628,71.0
629,60.0
630,78.0
631,82.0
632,70.0
633,86.0
634,91.0
635,83.0
636,80.0
637,87.0
638,75.0
639,78.0
640,66.0
641,59.0
642,58.0
643,60.0
644,58.0
645,52.0
646,68.0
647,74.0
648,56.0
649,82.0
650,97.0
651,100.0
652,88.0
653,76.0
654,87.0
655,89.0
656,61.0
657,67.0
658,73.0
659,64.0
660,62.0
661,66.0
662,68.0
663,69.0
664,68.0
665,74.0
666,75.0
667,91.0
668,80.0
669,76.0
670,74.0
671,67.0
672,93.0
673,98.0
674,86.0
675,92.0
676,89.0
677,76.0
678,87.0
679,83.0
680,89.0
681,102.0
682,79.0
683,95.0
684,99.0
685,98.0
686,108.0
687,102.0
688,88.0
689,92.0
690,90.0
691,89.0
692,61.0
693,74.0
694,70.0
695,89.0
696,86.0
697,84.0
698,87.0
699,75.0
700,91.0
701,74.0
702,90.0
703,73.0
704,81.0
705,76.0
706,77.0
707,96.0
708,85.0
709,66.0
710,78.0
711,69.0
712,76.0
713,73.0
714,80.0
715,72.0
716,74.0
717,78.0
718,91.0
719,79.0
720,97.0
721,90.0
722,76.0
723,64.0
724,68.0
725,86.0
726,76.0
727,89.0
728,85.0
729,90.0
730,71.0
731,71.0
732,80.0
733,75.0
734,86.0
735,51.0
736,57.0
737,77.0
738,88.0
739,98.0
740,94.0
741,78.0
742,82.0
743,67.0
744,70.0
745,88.0
746,66.0
747,62.0
748,81.0
749,81.0
750,78.0
751,87.0
752,75.0
753,85.0
754,82.0
755,80.0
756,83.0
757,86.0
758,87.0
759,89.0
760,75.0
761,75.0
762,82.0
763,72.0
764,68.0
765,80.0
766,97.0
767,89.0
768,92.0
769,93.0
770,93.0
771,92.0
772,111.0
773,93.0
774,88.0
775,76.0
776,77.0
777,89.0
778,76.0
779,78.0
780,80.0
781,79.0
782,79.0
783,87.0
784,81.0
785,75.0
786,86.0
787,62.0
788,76.0
789,60.0
790,72.0
791,71.0
792,77.0
793,79.0
794,81.0
795,71.0
796,69.0
797,81.0
798,79.0
799,78.0
800,70.0
801,75.0
802,60.0
803,84.0
804,61.0
805,78.0
806,73.0
807,77.0
808,57.0
809,76.0
810,76.0
811,99.0
812,86.0
813,89.0
814,97.0
815,90.0
816,91.0
817,74.0
818,68.0
819,80.0
820,93.0
821,78.0
822,96.0
823,81.0
824,65.0
825,69.0
826,80.0
827,68.0
828,92.0
829,85.0
830,81.0
831,94.0
832,67.0
833,83.0
834,83.0
835,77.0
836,72.0
837,82.0
838,73.0
839,73.0
840,74.0
841,68.0
842,67.0
843,76.0
844,90.0
845,74.0
846,92.0
847,83.0
848,73.0
849,64.0
850,74.0
851,66.0
852,68.0
853,75.0
854,62.0
855,79.0
856,71.0
857,92.0
858,90.0
859,98.0
860,86.0
861,89.0
862,69.0
863,66.0
864,80.0
865,100.0
866,87.0
867,78.0
868,61.0
869,71.0
870,79.0
871,83.0
872,86.0
873,81.0
874,79.0
875,82.0
876,68.0
877,70.0
878,75.0
879,61.0
880,76.0
881,75.0
882,101.0
883,93.0
884,83.0
885,89.0
886,84.0
887,81.0
888,90.0
889,75.0
890,73.0
891,78.0
892,88.0
893,88.0
894,92.0
895,85.0
896,78.0
897,87.0
898,95.0
899,73.0
900,50.0
901,60.0
902,68.0
903,79.0
904,82.0
905,78.0
906,77.0
907,76.0
908,71.0
909,101.0
910,85.0
911,79.0
912,85.0
913,89.0
914,88.0
915,91.0
916,103.0
917,90.0
918,79.0
919,91.0
920,86.0
921,85.0
922,72.0
923,57.0
924,74.0
925,74.0
926,86.0
927,85.0
928,84.0
929,83.0
930,92.0
931,104.0
932,84.0
933,87.0
934,98.0
935,88.0
936,59.0
937,79.0
938,84.0
939,75.0
940,85.0
941,53.0
942,79.0
943,65.0
944,69.0
945,79.0
946,66.0
947,55.0
948,43.0
949,72.0
950,71.0
951,95.0
952,88.0
953,74.0
954,86.0
955,81.0
956,95.0
957,88.0
958,93.0
959,90.0
960,74.0
961,86.0
962,64.0
963,80.0
964,92.0
965,54.0
966,64.0
967,79.0
968,76.0
969,79.0
970,91.0
971,83.0
972,83.0
973,78.0
974,71.0
975,84.0
976,87.0
977,80.0
978,72.0
979,69.0
980,62.0
981,77.0
982,71.0
983,79.0
984,64.0
985,66.0
986,66.0
987,65.0
988,72.0
989,69.0
990,72.0
991,81.0
992,79.0
993,79.0
994,84.0
995,82.0
996,81.0
997,64.0
998,80.0
999,81.0
1000,74.0
1001,89.0
1002,93.0
1003,77.0
1004,85.0
1005,80.0
1006,83.0
1007,96.0
1008,76.0
1009,82.0
1010,86.0
1011,75.0
1012,65.0
1013,81.0
1014,85.0
1015,82.0
1016,84.0
1017,102.0
1018,97.0
1019,72.0
1020,93.0
1021,84.0
1022,87.0
1023,92.0
1024,89.0
1025,82.0
1026,73.0
1027,86.0
1028,74.0
1029,76.0
1030,56.0
1031,55.0
1032,51.0
1033,70.0
1034,86.0
1035,84.0
1036,69.0
1037,65.0
1038,85.0
1039,76.0
1040,88.0
1041,77.0
1042,91.0
1043,90.0
1044,102.0
1045,92.0
1046,85.0
1047,97.0
1048,90.0
1049,79.0
1050,84.0
1051,91.0
1052,76.0
1053,83.0
1054,84.0
1055,92.0
1056,75.0
1057,82.0
1058,72.0
1059,84.0
1060,75.0
1061,67.0
1062,72.0
1063,64.0
1064,77.0
1065,65.0
1066,62.0
1067,83.0
1068,58.0
1069,56.0
1070,62.0
1071,69.0
1072,75.0
1073,65.0
1074,67.0
1075,71.0
1076,72.0
1077,86.0
1078,89.0
1079,95.0
1080,81.0
1083,56.0
1084,48.0
1085,66.0
1086,65.0
1087,53.0
1088,55.0
1089,64.0
1090,64.0
1091,58.0
1092,65.0
1093,75.0
1094,80.0
1095,94.0
1096,70.0
1097,93.0
1098,77.0
1099,76.0
1100,76.0
1101,92.0
1102,68.0
1103,71.0
1104,65.0
1105,77.0
1106,70.0
1107,86.0
1108,79.0
1109,81.0
1110,65.0
1111,71.0
1112,70.0
1113,67.0
1114,62.0
1115,69.0
1116,84.0
1117,88.0
1118,100.0
1119,104.0
1120,81.0
1121,63.0
1122,87.0
1123,96.0
1124,94.0
1125,84.0
1126,97.0
1127,89.0
1128,97.0
1129,96.0
1130,105.0
1131,92.0
1132,98.0
1133,93.0
1134,84.0
1135,71.0
1136,88.0
1137,82.0
1138,89.0
1139,102.0
1140,99.0
1141,80.0
1142,97.0
1143,95.0
1144,73.0
1145,76.0
1146,85.0
1147,87.0
1148,89.0
1149,85.0
1150,95.0
1151,102.0
1152,88.0
1153,92.0
1154,98.0
1155,95.0
1156,79.0
1157,92.0
1158,88.0
1159,91.0
1160,79.0
1161,95.0
1162,73.0
1163,73.0
1164,94.0
1165,77.0
1166,86.0
1167,93.0
1168,63.0
1169,81.0
1170,90.0
1171,88.0
1172,83.0
1173,77.0
1174,86.0
1175,86.0
1176,92.0
1177,85.0
1178,93.0
1179,71.0
1180,88.0
1181,82.0
1182,84.0
1183,95.0
1184,80.0
1185,82.0
1186,86.0
1187,92.0
1188,94.0
1189,92.0
1190,91.0
1191,64.0
1192,65.0
1193,69.0
1194,65.0
1195,74.0
1196,76.0
1197,68.0
1198,66.0
1199,67.0
1200,93.0
1201,95.0
1202,86.0
1203,95.0
1204,87.0
1205,67.0
1206,71.0
1207,77.0
1208,91.0
1209,87.0
1210,81.0
1211,74.0
1212,83.0
1213,92.0
1214,69.0
1215,80.0
1216,78.0
1217,74.0
1218,74.0
1219,73.0
1220,68.0
1221,56.0
1222,68.0
1223,67.0
1224,81.0
1225,75.0
1226,83.0
1227,90.0
1228,80.0
1229,77.0
1230,96.0
1231,83.0
1232,74.0
1233,82.0
1234,68.0
1235,73.0
1236,38.0
1237,64.0
1238,55.0
1239,49.0
1240,67.0
1241,42.0
1242,66.0
1243,64.0
1244,91.0
1245,90.0
1246,81.0
1247,85.0
1248,76.0
1249,74.0
1250,68.0
1251,80.0
1252,69.0
1253,75.0
1254,92.0
1255,96.0
1256,81.0
1257,85.0
1258,75.0
1259,71.0
1260,94.0
1261,92.0
1262,93.0
1263,99.0
1264,66.0
1265,67.0
1266,82.0
1267,73.0
1268,75.0
1269,65.0
1270,64.0
1271,70.0
1272,62.0
1273,84.0
1274,64.0
1275,87.0
1276,76.0
1277,64.0
1278,56.0
1279,50.0
1280,67.0
1281,62.0
1282,78.0
1283,76.0
1284,66.0
1285,53.0
1286,59.0
1287,55.0
1288,61.0
1289,63.0
1290,73.0
1291,70.0
1292,91.0
1293,91.0
1294,79.0
1295,102.0
1296,89.0
1297,91.0
1298,79.0
1299,97.0
1300,98.0
1301,74.0
1302,77.0
1303,81.0
1304,82.0
1305,76.0
1306,85.0
1307,84.0
1308,73.0
1309,82.0
1310,77.0
1311,60.0
1312,70.0
1313,81.0
1314,77.0
1315,71.0
1316,85.0
1317,91.0
1318,80.0
1319,74.0
1320,95.0
1321,90.0
1322,71.0
1323,78.0
1324,68.0
1325,70.0
1326,63.0
1327,69.0
1328,85.0
1329,94.0
1330,90.0
1331,92.0
1332,83.0
1333,96.0
1334,79.0
1335,88.0
1336,87.0
1337,94.0
1338,63.0
1339,66.0
1340,66.0
1341,70.0
1342,83.0
1343,59.0
1344,40.0
1345,51.0
1346,53.0
1347,50.0
1348,66.0
1349,61.0
1350,73.0
1351,100.0
1352,83.0
1353,83.0
1354,83.0
1355,82.0
1356,71.0
1357,82.0
1358,86.0
1359,64.0
1360,66.0
1361,63.0
1362,67.0
1363,65.0
1364,68.0
1365,90.0
1366,98.0
1367,108.0
1368,92.0
1369,100.0
1370,87.0
1371,91.0
1372,77.0
1373,72.0
1374,59.0
1375,71.0
1376,88.0
1377,88.0
1378,97.0
1379,94.0
1380,82.0
1381,75.0
1382,66.0
1383,71.0
1384,83.0
1385,97.0
1386,88.0
1387,89.0
1388,70.0
1389,79.0
1390,77.0
1391,74.0
1392,74.0
1393,79.0
1394,90.0
1395,87.0
1396,92.0
1397,71.0
1398,90.0
1399,70.0
1400,51.0
1401,74.0
1402,88.0
1403,76.0
1404,50.0
1405,57.0
1406,70.0
1407,69.0
1408,80.0
1409,71.0
1410,95.0
1411,98.0
1412,94.0
1413,98.0
1414,89.0
1415,69.0
1416,91.0
1417,110.0
1418,101.0
1419,88.0
1420,86.0
1421,94.0
1422,107.0
1423,91.0
1424,94.0
1425,102.0
1426,102.0
1427,99.0
1428,106.0
1429,88.0
1430,101.0
1431,103.0
1432,98.0
1433,83.0
1434,81.0
1435,87.0
1436,97.0
1437,94.0
1438,97.0
1439,98.0
1440,98.0
1441,95.0
1442,99.0
1443,103.0
1444,96.0
1445,97.0
1446,98.0
1447,92.0
1448,79.0
1449,97.0
1450,109.0
1451,96.0
1452,104.0
1453,99.0
1454,77.0
1455,70.0
1456,72.0
1457,83.0
1458,80.0
1459,93.0
1460,82.0
1461,79.0
1462,80.0
1463,89.0
1464,83.0
1465,97.0
1466,100.0
1467,100.0
1468,89.0
1469,103.0
1470,79.0
1471,91.0
1472,87.0
1473,97.0
1474,90.0
1475,89.0
1476,85.0
1477,74.0
1478,67.0
1479,71.0
1480,76.0
1481,88.0
1482,92.0
1483,96.0
1484,114.0
1485,98.0
1486,87.0
1487,95.0
1488,103.0
1489,101.0
1490,101.0
1491,95.0
1492,97.0
1493,94.0
1494,89.0
1495,103.0
1496,95.0
1497,97.0
1498,95.0
1499,85.0
1500,84.0
1501,87.0
1502,84.0
1503,81.0
1504,92.0
1505,88.0
1506,68.0
1507,95.0
1508,102.0
1509,101.0
1510,90.0
1511,96.0
1512,99.0
1513,43.0
1514,36.0
1515,55.0
1516,48.0
1517,53.0
1518,65.0
1519,69.0
1520,71.0
1521,88.0
1522,83.0
1523,91.0
1524,98.0
1525,104.0
1526,102.0
1527,107.0
1528,94.0
1529,79.0
1530,68.0
1531,53.0
1532,54.0
1533,53.0
1534,55.0
1535,54.0
1536,64.0
1537,55.0
1538,49.0
1539,72.0
1540,52.0
1541,49.0
1542,78.0
1543,84.0
1544,81.0
1545,52.0
1546,70.0
1547,79.0
1548,59.0
1549,51.0
1550,63.0
1551,52.0
1552,59.0
1553,73.0
1554,66.0
1555,58.0
1556,61.0
1557,72.0
1558,73.0
1559,57.0
1560,59.0
1561,74.0
1562,62.0
1563,82.0
1564,88.0
1565,89.0
1566,101.0
1567,93.0
1568,94.0
1569,90.0
1570,98.0
1571,87.0
1572,63.0
1573,69.0
1574,54.0
1575,83.0
1576,68.0
1577,74.0
1578,77.0
1579,77.0
1580,76.0
1581,81.0
1582,104.0
1583,99.0
1584,103.0
1585,84.0
1586,96.0
1587,68.0
1588,78.0
1589,65.0
1590,74.0
1591,87.0
1592,91.0
1593,102.0
1594,103.0
1595,96.0
1596,91.0
1597,88.0
1598,93.0
1599,76.0
1600,75.0
1601,75.0
1602,81.0
1603,74.0
1604,94.0
1605,96.0
1606,88.0
1607,68.0
1608,69.0
1612,52.0
1613,83.0
1614,71.0
1615,83.0
1616,74.0
1617,78.0
1618,79.0
1619,73.0
1620,88.0
1621,74.0
1622,90.0
1623,91.0
1624,87.0
1625,62.0
1626,51.0
1627,57.0
1628,50.0
1629,55.0
1630,68.0
1631,58.0
1632,51.0
1633,43.0
1634,71.0
1635,52.0
1636,66.0
1637,78.0
1638,60.0
1639,64.0
1640,54.0
1641,61.0
1642,45.0
1643,45.0
1644,50.0
1645,43.0
1646,42.0
1647,64.0
1648,61.0
1649,46.0
1650,69.0
1651,62.0
1652,66.0
1653,81.0
1654,91.0
1655,73.0
1656,87.0
1657,83.0
1658,75.0
1659,77.0
1660,71.0
1661,77.0
1662,69.0
1663,64.0
1664,59.0
1665,47.0
1666,81.0
1667,87.0
1668,92.0
1669,85.0
1670,87.0
1671,82.0
1672,76.0
1673,63.0
1674,73.0
1675,67.0
1676,59.0
1677,71.0
1678,80.0
1679,86.0
1680,101.0
1681,101.0
1682,90.0
1683,84.0
1684,91.0
1685,89.0
1686,90.0
1687,81.0
1688,75.0
1689,86.0
1690,80.0
1691,65.0
1692,67.0
1693,77.0
1694,78.0
1695,70.0
1696,97.0
1697,67.0
1698,68.0
1699,75.0
1700,77.0
1701,65.0
1702,86.0
1703,80.0
1704,86.0
1705,86.0
1706,88.0
1707,85.0
1708,89.0
1709,92.0
1710,93.0
1711,97.0
1712,102.0
1713,81.0
1714,73.0
1715,73.0
1716,63.0
1717,71.0
1721,87.0
1722,96.0
1723,93.0
1724,91.0
1725,98.0
1726,110.0
1727,86.0
1728,85.0
1729,93.0
1730,78.0
1731,69.0
1732,73.0
1733,65.0
1734,51.0
1735,79.0
1736,90.0
1737,85.0
1738,87.0
1739,90.0
1740,95.0
1741,84.0
1742,94.0
1743,85.0
1744,88.0
1745,80.0
1746,75.0
1747,86.0
1748,87.0
1749,74.0
1750,86.0
1751,84.0
1752,86.0
1753,86.0
1754,68.0
1755,78.0
1756,81.0
1757,66.0
1758,80.0
1759,90.0
1760,82.0
1761,63.0
1762,62.0
1763,83.0
1764,71.0
1765,57.0
1766,64.0
1767,42.0
1768,50.0
1769,53.0
1770,60.0
1771,66.0
1772,62.0
1773,84.0
1774,78.0
1775,95.0
1776,75.0
1777,93.0
1778,74.0
1779,80.0
1780,90.0
1781,92.0
1782,81.0
1783,80.0
1784,88.0
1785,89.0
1786,97.0
1787,96.0
1788,80.0
1789,88.0
1790,92.0
1791,92.0
1792,96.0
1793,88.0
1794,98.0
1795,83.0
1796,84.0
1797,84.0
1798,75.0
1799,57.0
1800,64.0
1801,80.0
1802,85.0
1803,74.0
1804,95.0
1805,98.0
1806,96.0
1807,75.0
1808,73.0
1809,79.0
1810,69.0
1811,78.0
1812,69.0
1813,62.0
1814,72.0
1815,75.0
1816,72.0
1817,67.0
1818,67.0
1819,68.0
1820,67.0
1821,62.0
1822,57.0
1823,72.0
1824,79.0
1825,94.0
1826,88.0
1827,98.0
1828,78.0
1829,52.0
1830,63.0
1831,61.0
1832,58.0
1833,60.0
1834,60.0
1835,71.0
1836,73.0
1837,69.0
1838,84.0
1839,68.0
1840,73.0
1841,81.0
1842,81.0
1843,92.0
1844,83.0
1845,74.0
1846,65.0
1847,83.0
1848,89.0
1849,75.0
1850,84.0
1851,82.0
1852,61.0
1853,91.0
1854,76.0
1855,98.0
1856,74.0
1857,76.0
1858,79.0
1859,66.0
1860,64.0
1861,87.0
1862,82.0
1863,88.0
1864,89.0
1865,63.0
1866,75.0
1867,90.0
1868,71.0
1869,76.0
1870,76.0
1871,77.0
1872,74.0
1873,68.0
1874,64.0
1875,56.0
1876,67.0
1877,59.0
1878,76.0
1879,60.0
1880,74.0
1881,74.0
1882,67.0
1883,78.0
1884,68.0
1885,73.0
1886,77.0
1887,83.0
1888,64.0
1889,82.0
1890,85.0
1891,90.0
1892,76.0
1893,79.0
1894,91.0
1895,116.0
1896,93.0
1897,93.0
1898,63.0
1899,69.0
1900,78.0
1901,88.0
1902,61.0
1903,85.0
1904,61.0
1905,67.0
1906,75.0
1907,71.0
1908,87.0
1909,76.0
1910,86.0
1914,106.0
1915,105.0
1916,96.0
1917,82.0
1918,98.0
1919,92.0
1920,91.0
1921,99.0
1922,103.0
1923,101.0
1924,84.0
1925,69.0
1926,86.0
1927,98.0
1928,86.0
1929,94.0
1930,93.0
1931,95.0
1932,93.0
1933,86.0
1934,74.0
1935,92.0
1936,93.0
1937,84.0
1938,87.0
1939,87.0
1940,72.0
1941,91.0
1942,93.0
1943,91.0
1944,92.0
1945,95.0
1946,83.0
1947,77.0
1948,72.0
1949,74.0
1950,85.0
1951,55.0
1952,67.0
1953,78.0
1954,61.0
1955,81.0
1956,78.0
1957,73.0
1958,86.0
1959,98.0
1960,92.0
1961,70.0
1962,97.0
1963,80.0
1964,67.0
1965,69.0
1966,80.0
1967,83.0
1968,79.0
1969,85.0
1970,103.0
1971,88.0
1972,90.0
1973,95.0
1974,93.0
1975,91.0
1976,88.0
1977,90.0
1978,86.0
1979,90.0
1980,69.0
1981,88.0
1982,72.0
1983,80.0
1984,74.0
1985,75.0
1986,89.0
1987,71.0
1988,75.0
1989,87.0
1990,79.0
1991,66.0
1992,62.0
1993,83.0
1994,90.0
1995,83.0
1996,92.0
1997,85.0
1998,75.0
1999,72.0
2000,103.0
2001,68.0
2002,90.0
2003,89.0
2004,86.0
2005,97.0
2006,90.0
2007,95.0
2008,100.0
2009,91.0
2010,75.0
2011,76.0
2012,71.0
2013,72.0
2014,88.0
2015,92.0
2016,86.0
2017,94.0
2018,76.0
2019,88.0
2020,84.0
2021,87.0
2025,75.0
2026,58.0
2027,52.0
2028,52.0
2029,49.0
2030,54.0
2031,63.0
2032,75.0
2033,63.0
2034,51.0
2035,81.0
2036,72.0
2037,60.0
2038,82.0
2039,75.0
2040,87.0
2041,85.0
2042,79.0
2043,65.0
2044,77.0
2045,89.0
2046,92.0
2047,95.0
2048,78.0
2049,92.0
2050,101.0
2051,72.0
2052,82.0
2053,95.0
2054,96.0
2055,87.0
2056,81.0
2057,71.0
2058,92.0
2059,84.0
2060,97.0
2061,106.0
2062,105.0
2063,105.0
2064,95.0
2065,98.0
2066,89.0
2067,85.0
2068,96.0
2069,78.0
2070,81.0
2071,88.0
2072,83.0
2073,72.0
2074,68.0
2075,76.0
2076,87.0
2077,72.0
2078,71.0
2079,86.0
2080,80.0
2081,84.0
2082,93.0
2083,93.0
2084,80.0
2085,83.0
2086,101.0
2087,97.0
2088,87.0
2089,76.0
2090,90.0
2091,75.0
2092,81.0
2093,86.0
2094,82.0
2095,72.0
2096,83.0
2097,69.0
2098,86.0
2099,74.0
2100,92.0
2101,79.0
2102,84.0
2103,101.0
2104,79.0
2105,95.0
2106,76.0
2107,86.0
2108,70.0
2109,84.0
2110,83.0
2111,87.0
2112,88.0
2113,73.0
2114,83.0
2115,75.0
2116,95.0
2117,93.0
2118,97.0
2119,85.0
2120,105.0
2121,100.0
2122,83.0
2123,78.0
2124,86.0
2125,91.0
2126,86.0
2127,90.0
2128,88.0
2129,97.0
2130,90.0
2131,100.0
2132,86.0
2133,63.0
2134,69.0
2135,69.0
2136,62.0
2137,55.0
2138,63.0
2139,70.0
2140,67.0
2141,61.0
2142,66.0
2143,97.0
2144,84.0
2145,96.0
2146,91.0
2147,90.0
2148,92.0
2149,77.0
2150,80.0
2151,68.0
2152,61.0
2153,60.0
2154,56.0
2155,62.0
2156,70.0
2157,71.0
2158,76.0
2159,65.0
2160,86.0
2161,70.0
2162,63.0
2163,54.0
2164,57.0
2165,84.0
2166,79.0
2167,76.0
2168,94.0
2169,87.0
2170,83.0
2171,76.0
2172,64.0
2173,77.0
2174,69.0
2175,62.0
2176,87.0
2177,75.0
2178,70.0
2179,83.0
2180,83.0
2181,85.0
2182,77.0
2183,86.0
2184,90.0
2185,77.0
2186,88.0
2187,95.0
2188,71.0
2189,73.0
2190,72.0
2191,71.0
2192,89.0
2193,79.0
2194,80.0
2195,75.0
2196,79.0
2197,87.0
2198,90.0
2199,96.0
2200,93.0
2201,91.0
2202,67.0
2203,88.0
2204,95.0
2205,54.0
2206,59.0
2207,53.0
2208,67.0
2209,78.0
2210,89.0
2211,89.0
2212,99.0
2213,86.0
2214,96.0
2215,87.0
2216,89.0
2217,86.0
2218,91.0
2219,96.0
2220,95.0
2221,74.0
2222,76.0
2223,88.0
2224,84.0
2225,83.0
2226,80.0
2227,78.0
2228,86.0
2229,67.0
2230,80.0
2231,87.0
2232,83.0
2233,86.0
2234,75.0
2235,85.0
2236,81.0
2237,73.0
2238,74.0
2239,83.0
2240,93.0
2241,89.0
2242,52.0
2243,73.0
2244,71.0
2245,70.0
2246,79.0
2247,79.0
2248,75.0
2249,55.0
2250,75.0
2251,76.0
2252,95.0
2253,90.0
2254,86.0
2255,82.0
2256,78.0
2257,84.0
2258,78.0
2259,91.0
2260,81.0
2261,81.0
2262,85.0
2263,71.0
2264,87.0
2265,94.0
2266,88.0
2267,78.0
2268,65.0
2269,68.0
2270,67.0
2271,68.0
2272,83.0
2273,83.0
2274,67.0
2275,81.0
2276,71.0
2277,73.0
2278,59.0
2279,59.0
2280,69.0
2281,80.0
2282,98.0
2283,86.0
2284,96.0
2285,83.0
2286,95.0
0,
1,
2,
3,
4,
5,
6,
7,
8,
9,
10,
11,
12,
13,
14,
15,
16,
17,
18,
19,
20,
21,
22,
23,
24,
25,
26,
27,
28,
29,
30,
31,
32,
33,
34,
35,
36,
37,
38,
39,
40,
41,
42,
43,
44,
45,
46,
47,
48,
49,
50,
51,
52,
53,
54,
55,
56,
57,
58,
59,
60,
61,
62,
63,
64,
65,
66,
67,
68,
69,
70,
71,
75,
76,
77,
78,
79,
80,
81,
82,
83,
84,
85,
86,
87,
88,
89,
90,
91,
92,
93,
94,
95,
96,
97,
98,
99,
100,
101,
102,
103,
104,
105,
106,
107,
108,
109,
110,
111,
112,
113,
114,
115,
116,
117,
118,
119,
120,
121,
122,
123,
124,
125,
126,
127,
128,
129,
130,
131,
132,
133,
134,
135,
136,
137,
138,
139,
140,
141,
142,
143,
144,
145,
146,
147,
148,
149,
150,
151,
152,
153,
154,
155,
156,
157,
158,
159,
160,
161,
162,
163,
164,
165,
166,
167,
168,
169,
170,
171,
172,
173,
174,
175,
176,
177,
178,
179,
180,
181,
182,
183,
184,
185,
186,
187,
188,
189,
190,
191,
192,
193,
194,
195,
196,
197,
198,
199,
200,
201,
202,
203,
204,
205,
206,
207,
208,
209,
210,
211,
212,
213,
214,
215,
216,
217,
218,
219,
220,
221,
222,
223,
224,
225,
226,
227,
228,
229,
230,
231,
232,
233,
234,
235,
236,
237,
238,
239,
240,
241,
242,
243,
244,
245,
246,
247,
248,
249,
250,
251,
252,
253,
254,
255,
256,
257,
258,
259,
260,
261,
262,
263,
264,
265,
266,
267,
268,
269,
270,
271,
272,
273,
274,
275,
276,
277,
278,
279,
280,
281,
282,
283,
284,
285,
286,
287,
288,
289,
290,
291,
292,
293,
294,
295,
296,
297,
298,
299,
300,
301,
302,
303,
304,
305,
306,
307,
308,
309,
310,
311,
312,
313,
314,
315,
316,
317,
318,
319,
320,
321,
322,
323,
324,
325,
326,
327,
328,
329,
330,
331,
332,
333,
334,
335,
336,
337,
338,
339,
340,
341,
342,
343,
344,
345,
346,
347,
348,
349,
350,
351,
352,
353,
354,
355,
356,
357,
358,
359,
360,
361,
362,
363,
364,
365,
366,
367,
368,
369,
370,
371,
372,
373,
374,
375,
376,
377,
378,
379,
380,
381,
382,
383,
384,
385,
386,
387,
388,
389,
390,
391,
392,
393,
394,
395,
396,
397,
400,
401,
402,
403,
404,
405,
406,
407,
408,
409,
410,
411,
412,
413,
414,
415,
416,
417,
418,
419,
420,
421,
422,
423,
424,
425,
426,
427,
428,
429,
430,
431,
432,
433,
434,
435,
436,
437,
438,
439,
440,
441,
442,
443,
444,
445,
446,
447,
448,
449,
450,
451,
452,
453,
454,
455,
456,
457,
458,
459,
460,
461,
462,
463,
464,
465,
466,
467,
468,
469,
470,
471,
472,
473,
474,
475,
476,
477,
478,
479,
480,
481,
482,
483,
484,
485,
486,
487,
488,
489,
490,
491,
492,
493,
494,
495,
496,
497,
498,
499,
500,
501,
502,
503,
504,
505,
506,
507,
508,
509,
510,
511,
512,
513,
514,
515,
516,
517,
518,
519,
520,
521,
522,
523,
524,
525,
526,
527,
528,
529,
530,
531,
532,
533,
534,
535,
536,
537,
538,
539,
540,
541,
542,
543,
544,
545,
546,
547,
548,
549,
550,
551,
552,
553,
554,
555,
556,
557,
558,
559,
560,
561,
562,
563,
564,
565,
566,
567,
568,
569,
570,
571,
572,
573,
574,
575,
576,
577,
578,
579,
580,
581,
582,
583,
584,
585,
586,
587,
588,
589,
590,
591,
592,
593,
594,
595,
596,
597,
598,
599,
600,
601,
602,
603,
604,
605,
606,
607,
608,
609,
610,
611,
612,
613,
617,
618,
619,
620,
621,
622,
623,
624,
625,
626,
627,
628,
629,
630,
631,
632,
633,
634,
635,
636,
637,
638,
639,
640,
641,
642,
643,
644,
645,
646,
647,
648,
649,
650,
651,
652,
653,
654,
655,
656,
657,
658,
659,
660,
661,
662,
663,
664,
665,
666,
667,
668,
669,
670,
671,
672,
673,
674,
675,
676,
677,
678,
679,
680,
681,
682,
683,
684,
685,
686,
687,
688,
689,
690,
691,
692,
693,
694,
695,
696,
697,
698,
699,
700,
701,
702,
703,
704,
705,
706,
707,
708,
709,
710,
711,
712,
713,
714,
715,
716,
717,
718,
719,
720,
721,
722,
723,
724,
725,
726,
727,
728,
729,
730,
731,
732,
733,
734,
735,
736,
737,
738,
739,
740,
741,
742,
743,
744,
745,
746,
747,
748,
749,
750,
751,
752,
753,
754,
755,
756,
757,
758,
759,
760,
761,
762,
763,
764,
765,
766,
767,
768,
769,
770,
771,
772,
773,
774,
775,
776,
777,
778,
779,
780,
781,
782,
783,
784,
785,
786,
787,
788,
789,
790,
791,
792,
793,
794,
795,
796,
797,
798,
799,
800,
801,
802,
803,
804,
805,
806,
807,
808,
809,
810,
811,
812,
813,
814,
815,
816,
817,
818,
819,
820,
821,
822,
823,
824,
825,
826,
827,
828,
829,
830,
831,
832,
833,
834,
835,
836,
837,
838,
839,
840,
841,
842,
843,
844,
845,
846,
847,
848,
849,
850,
851,
852,
853,
854,
855,
856,
857,
858,
859,
860,
861,
862,
863,
864,
865,
866,
867,
868,
869,
870,
871,
872,
873,
874,
875,
876,
877,
878,
879,
880,
881,
882,
883,
884,
885,
886,
887,
888,
889,
890,
891,
892,
893,
894,
895,
896,
897,
898,
899,
900,
901,
902,
903,
904,
905,
906,
907,
908,
909,
910,
911,
912,
913,
914,
915,
916,
917,
918,
919,
920,
921,
922,
923,
924,
925,
926,
927,
928,
929,
930,
931,
932,
933,
934,
935,
936,
937,
938,
939,
940,
941,
942,
943,
944,
945,
946,
947,
948,
949,
950,
951,
952,
953,
954,
955,
956,
957,
958,
959,
960,
961,
962,
963,
964,
965,
966,
967,
968,
969,
970,
971,
972,
973,
974,
975,
976,
977,
978,
979,
980,
981,
982,
983,
984,
985,
986,
987,
988,
989,
990,
991,
992,
993,
994,
995,
996,
997,
998,
999,
1000,
1001,
1002,
1003,
1004,
1005,
1006,
1007,
1008,
1009,
1010,
1011,
1012,
1013,
1014,
1015,
1016,
1017,
1018,
1019,
1020,
1021,
1022,
1023,
1024,
1025,
1026,
1027,
1028,
1029,
1030,
1031,
1032,
1033,
1034,
1035,
1036,
1037,
1038,
1039,
1040,
1041,
1042,
1043,
1044,
1045,
1046,
1047,
1048,
1049,
1050,
1051,
1052,
1053,
1054,
1055,
1056,
1057,
1058,
1059,
1060,
1061,
1062,
1063,
1064,
1065,
1066,
1067,
1068,
1069,
1070,
1071,
1072,
1073,
1074,
1075,
1076,
1077,
1078,
1079,
1080,
1083,
1084,
1085,
1086,
1087,
1088,
1089,
1090,
1091,
1092,
1093,
1094,
1095,
1096,
1097,
1098,
1099,
1100,
1101,
1102,
1103,
1104,
1105,
1106,
1107,
1108,
1109,
1110,
1111,
1112,
1113,
1114,
1115,
1116,
1117,
1118,
1119,
1120,
1121,
1122,
1123,
1124,
1125,
1126,
1127,
1128,
1129,
1130,
1131,
1132,
1133,
1134,
1135,
1136,
1137,
1138,
1139,
1140,
1141,
1142,
1143,
1144,
1145,
1146,
1147,
1148,
1149,
1150,
1151,
1152,
1153,
1154,
1155,
1156,
1157,
1158,
1159,
1160,
1161,
1162,
1163,
1164,
1165,
1166,
1167,
1168,
1169,
1170,
1171,
1172,
1173,
1174,
1175,
1176,
1177,
1178,
1179,
1180,
1181,
1182,
1183,
1184,
1185,
1186,
1187,
1188,
1189,
1190,
1191,
1192,
1193,
1194,
1195,
1196,
1197,
1198,
1199,
1200,
1201,
1202,
1203,
1204,
1205,
1206,
1207,
1208,
1209,
1210,
1211,
1212,
1213,
1214,
1215,
1216,
1217,
1218,
1219,
1220,
1221,
1222,
1223,
1224,
1225,
1226,
1227,
1228,
1229,
1230,
1231,
1232,
1233,
1234,
1235,
1236,
1237,
1238,
1239,
1240,
1241,
1242,
1243,
1244,
1245,
1246,
1247,
1248,
1249,
1250,
1251,
1252,
1253,
1254,
1255,
1256,
1257,
1258,
1259,
1260,
1261,
1262,
1263,
1264,
1265,
1266,
1267,
1268,
1269,
1270,
1271,
1272,
1273,
1274,
1275,
1276,
1277,
1278,
1279,
1280,
1281,
1282,
1283,
1284,
1285,
1286,
1287,
1288,
1289,
1290,
1291,
1292,
1293,
1294,
1295,
1296,
1297,
1298,
1299,
1300,
1301,
1302,
1303,
1304,
1305,
1306,
1307,
1308,
1309,
1310,
1311,
1312,
1313,
1314,
1315,
1316,
1317,
1318,
1319,
1320,
1321,
1322,
1323,
1324,
1325,
1326,
1327,
1328,
1329,
1330,
1331,
1332,
1333,
1334,
1335,
1336,
1337,
1338,
1339,
1340,
1341,
1342,
1343,
1344,
1345,
1346,
1347,
1348,
1349,
1350,
1351,
1352,
1353,
1354,
1355,
1356,
1357,
1358,
1359,
1360,
1361,
1362,
1363,
1364,
1365,
1366,
1367,
1368,
1369,
1370,
1371,
1372,
1373,
1374,
1375,
1376,
1377,
1378,
1379,
1380,
1381,
1382,
1383,
1384,
1385,
1386,
1387,
1388,
1389,
1390,
1391,
1392,
1393,
1394,
1395,
1396,
1397,
1398,
1399,
1400,
1401,
1402,
1403,
1404,
1405,
1406,
1407,
1408,
1409,
1410,
1411,
1412,
1413,
1414,
1415,
1416,
1417,
1418,
1419,
1420,
1421,
1422,
1423,
1424,
1425,
1426,
1427,
1428,
1429,
1430,
1431,
1432,
1433,
1434,
1435,
1436,
1437,
1438,
1439,
1440,
1441,
1442,
1443,
1444,
1445,
1446,
1447,
1448,
1449,
1450,
1451,
1452,
1453,
1454,
1455,
1456,
1457,
1458,
1459,
1460,
1461,
1462,
1463,
1464,
1465,
1466,
1467,
1468,
1469,
1470,
1471,
1472,
1473,
1474,
1475,
1476,
1477,
1478,
1479,
1480,
1481,
1482,
1483,
1484,
1485,
1486,
1487,
1488,
1489,
1490,
1491,
1492,
1493,
1494,
1495,
1496,
1497,
1498,
1499,
1500,
1501,
1502,
1503,
1504,
1505,
1506,
1507,
1508,
1509,
1510,
1511,
1512,
1513,
1514,
1515,
1516,
1517,
1518,
1519,
1520,
1521,
1522,
1523,
1524,
1525,
1526,
1527,
1528,
1529,
1530,
1531,
1532,
1533,
1534,
1535,
1536,
1537,
1538,
1539,
1540,
1541,
1542,
1543,
1544,
1545,
1546,
1547,
1548,
1549,
1550,
1551,
1552,
1553,
1554,
1555,
1556,
1557,
1558,
1559,
1560,
1561,
1562,
1563,
1564,
1565,
1566,
1567,
1568,
1569,
1570,
1571,
1572,
1573,
1574,
1575,
1576,
1577,
1578,
1579,
1580,
1581,
1582,
1583,
1584,
1585,
1586,
1587,
1588,
1589,
1590,
1591,
1592,
1593,
1594,
1595,
1596,
1597,
1598,
1599,
1600,
1601,
1602,
1603,
1604,
1605,
1606,
1607,
1608,
1612,
1613,
1614,
1615,
1616,
1617,
1618,
1619,
1620,
1621,
1622,
1623,
1624,
1625,
1626,
1627,
1628,
1629,
1630,
1631,
1632,
1633,
1634,
1635,
1636,
1637,
1638,
1639,
1640,
1641,
1642,
1643,
1644,
1645,
1646,
1647,
1648,
1649,
1650,
1651,
1652,
1653,
1654,
1655,
1656,
1657,
1658,
1659,
1660,
1661,
1662,
1663,
1664,
1665,
1666,
1667,
1668,
1669,
1670,
1671,
1672,
1673,
1674,
1675,
1676,
1677,
1678,
1679,
1680,
1681,
1682,
1683,
1684,
1685,
1686,
1687,
1688,
1689,
1690,
1691,
1692,
1693,
1694,
1695,
1696,
1697,
1698,
1699,
1700,
1701,
1702,
1703,
1704,
1705,
1706,
1707,
1708,
1709,
1710,
1711,
1712,
1713,
1714,
1715,
1716,
1717,
1721,
1722,
1723,
1724,
1725,
1726,
1727,
1728,
1729,
1730,
1731,
1732,
1733,
1734,
1735,
1736,
1737,
1738,
1739,
1740,
1741,
1742,
1743,
1744,
1745,
1746,
1747,
1748,
1749,
1750,
1751,
1752,
1753,
1754,
1755,
1756,
1757,
1758,
1759,
1760,
1761,
1762,
1763,
1764,
1765,
1766,
1767,
1768,
1769,
1770,
1771,
1772,
1773,
1774,
1775,
1776,
1777,
1778,
1779,
1780,
1781,
1782,
1783,
1784,
1785,
1786,
1787,
1788,
1789,
1790,
1791,
1792,
1793,
1794,
1795,
1796,
1797,
1798,
1799,
1800,
1801,
1802,
1803,
1804,
1805,
1806,
1807,
1808,
1809,
1810,
1811,
1812,
1813,
1814,
1815,
1816,
1817,
1818,
1819,
1820,
1821,
1822,
1823,
1824,
1825,
1826,
1827,
1828,
1829,
1830,
1831,
1832,
1833,
1834,
1835,
1836,
1837,
1838,
1839,
1840,
1841,
1842,
1843,
1844,
1845,
1846,
1847,
1848,
1849,
1850,
1851,
1852,
1853,
1854,
1855,
1856,
1857,
1858,
1859,
1860,
1861,
1862,
1863,
1864,
1865,
1866,
1867,
1868,
1869,
1870,
1871,
1872,
1873,
1874,
1875,
1876,
1877,
1878,
1879,
1880,
1881,
1882,
1883,
1884,
1885,
1886,
1887,
1888,
1889,
1890,
1891,
1892,
1893,
1894,
1895,
1896,
1897,
1898,
1899,
1900,
1901,
1902,
1903,
1904,
1905,
1906,
1907,
1908,
1909,
1910,
1914,
1915,
1916,
1917,
1918,
1919,
1920,
1921,
1922,
1923,
1924,
1925,
1926,
1927,
1928,
1929,
1930,
1931,
1932,
1933,
1934,
1935,
1936,
1937,
1938,
1939,
1940,
1941,
1942,
1943,
1944,
1945,
1946,
1947,
1948,
1949,
1950,
1951,
1952,
1953,
1954,
1955,
1956,
1957,
1958,
1959,
1960,
1961,
1962,
1963,
1964,
1965,
1966,
1967,
1968,
1969,
1970,
1971,
1972,
1973,
1974,
1975,
1976,
1977,
1978,
1979,
1980,
1981,
1982,
1983,
1984,
1985,
1986,
1987,
1988,
1989,
1990,
1991,
1992,
1993,
1994,
1995,
1996,
1997,
1998,
1999,
2000,
2001,
2002,
2003,
2004,
2005,
2006,
2007,
2008,
2009,
2010,
2011,
2012,
2013,
2014,
2015,
2016,
2017,
2018,
2019,
2020,
2021,
2025,
2026,
2027,
2028,
2029,
2030,
2031,
2032,
2033,
2034,
2035,
2036,
2037,
2038,
2039,
2040,
2041,
2042,
2043,
2044,
2045,
2046,
2047,
2048,
2049,
2050,
2051,
2052,
2053,
2054,
2055,
2056,
2057,
2058,
2059,
2060,
2061,
2062,
2063,
2064,
2065,
2066,
2067,
2068,
2069,
2070,
2071,
2072,
2073,
2074,
2075,
2076,
2077,
2078,
2079,
2080,
2081,
2082,
2083,
2084,
2085,
2086,
2087,
2088,
2089,
2090,
2091,
2092,
2093,
2094,
2095,
2096,
2097,
2098,
2099,
2100,
2101,
2102,
2103,
2104,
2105,
2106,
2107,
2108,
2109,
2110,
2111,
2112,
2113,
2114,
2115,
2116,
2117,
2118,
2119,
2120,
2121,
2122,
2123,
2124,
2125,
2126,
2127,
2128,
2129,
2130,
2131,
2132,
2133,
2134,
2135,
2136,
2137,
2138,
2139,
2140,
2141,
2142,
2143,
2144,
2145,
2146,
2147,
2148,
2149,
2150,
2151,
2152,
2153,
2154,
2155,
2156,
2157,
2158,
2159,
2160,
2161,
2162,
2163,
2164,
2165,
2166,
2167,
2168,
2169,
2170,
2171,
2172,
2173,
2174,
2175,
2176,
2177,
2178,
2179,
2180,
2181,
2182,
2183,
2184,
2185,
2186,
2187,
2188,
2189,
2190,
2191,
2192,
2193,
2194,
2195,
2196,
2197,
2198,
2199,
2200,
2201,
2202,
2203,
2204,
2205,
2206,
2207,
2208,
2209,
2210,
2211,
2212,
2213,
2214,
2215,
2216,
2217,
2218,
2219,
2220,
2221,
2222,
2223,
2224,
2225,
2226,
2227,
2228,
2229,
2230,
2231,
2232,
2233,
2234,
2235,
2236,
2237,
2238,
2239,
2240,
2241,
2242,
2243,
2244,
2245,
2246,
2247,
2248,
2249,
2250,
2251,
2252,
2253,
2254,
2255,
2256,
2257,
2258,
2259,
2260,
2261,
2262,
2263,
2264,
2265,
2266,
2267,
2268,
2269,
2270,
2271,
2272,
2273,
2274,
2275,
2276,
2277,
2278,
2279,
2280,
2281,
2282,
2283,
2284,
2285,
2286,
